Scenario,Mode,Min Separation [m],Mean CTE [m],Max CTE [m],Max Turn Rate [deg/s],Avg Active Solve [ms],Peak Cycle [ms]
CASE01,RA,322.92,134.65,361.35,2.13,618.06,1241.55
CASE01,IS,305.82,92.03,310.87,2.39,635.75,1066.76
CASE02,RA,345.55,210.88,558.11,2.07,604.16,728.18
CASE02,IS,297.94,60.54,174.11,0.81,600.7,609.42
CASE03,RA,599.65,244.29,590.72,2.01,602.36,726.52
CASE03,IS,337.5,55.68,194.47,2.0,600.46,601.13
CASE04,RA,490.43,96.21,361.72,2.1,634.23,1242.06
CASE04,IS,822.75,49.37,88.34,1.72,718.28,2123.58
CASE05,RA,185.56,28.0,101.25,2.23,606.84,953.43
CASE05,IS,337.94,66.94,206.46,1.25,600.72,647.3
CASE06,RA,1014.59,62.96,304.14,0.45,645.84,1558.68
CASE06,IS,1019.17,62.48,296.25,0.45,643.12,1493.06
