time,ship_1_x,ship_1_y,ship_1_psi,ship_1_u,ship_2_x,ship_2_y,ship_2_psi,ship_2_u,solve_time_ms,separation_dist_m,steering_rate_deg_s
0,200.0,-2000.0,1.5707963267948966,8.0,0.0,0.0,0.0,0.0,0.0,2009.975124224178,0.0
1,200.0,-1992.0,1.5707963267948966,8.0,-200.0,2000.0,-1.57,8.0,0.0,4011.990029897881,0.0
2,200.0,-1984.0,1.5629423451609217,8.0,-200.0,1992.0,-1.57,8.0,600.1509099987743,3996.0700694557395,0.4500000000000229
3,200.0628312071097,-1976.0002467388417,1.5558737616903446,8.0,-200.0,1984.0,-1.56,8.0,600.1443759996619,3980.1573113490294,0.40500000000000025
4,200.1822072973277,-1968.0011374541098,1.5495513064749957,8.0,-199.94,1976.0,-1.56,8.0,600.1068299992767,3964.2455465084145,0.36224999999996854
5,200.35215467489704,-1960.0029427897584,1.5439360237627389,8.0,-199.82,1968.0,-1.55,8.0,600.1188249974803,3948.3344427672478,0.3217320001850922
6,200.56701126133873,-1952.0058285197695,1.538989405459784,8.0,-199.65,1960.0,-1.54,8.0,601.2301800001296,3932.424603024908,0.28342035162148443
7,200.82142372961124,-1944.0098748995947,1.534673511275587,8.0,-199.43,1952.01,-1.54,8.0,601.2683469998592,3916.5255096590695,0.24728252157954433
8,201.11034341101572,-1936.0150937632723,1.5309510761724878,8.0,-199.18,1944.01,-1.53,8.0,600.0733239998226,3900.6188082483527,0.2132798209189244
9,201.4290210759264,-1928.021443499101,1.52778560577502,8.0,-198.89,1936.02,-1.53,8.0,600.1287970029807,3884.722846705258,0.18136809394850006
10,201.77300076525202,-1920.0288420469246,1.5251414603851847,8.0,-198.57,1928.02,-1.53,8.0,600.1093579980079,3868.818218660629,0.15149837125654061
11,202.13811282776712,-1912.0371780661378,1.522983928239948,8.0,-198.23,1920.03,-1.53,8.0,600.2137270006642,3852.9253150017116,0.12361748608587114
12,202.5204662990498,-1904.046320426122,1.5212792886358208,8.0,-197.86,1912.04,-1.52,8.0,600.2333839969651,3837.032619451811,0.09766865490733684
13,202.91644074061915,-1896.0561261705595,1.5199948655327287,8.0,-197.48,1904.05,-1.52,8.0,600.1337519992376,3821.141698487086,0.07359202291627857
14,203.3226776428388,-1888.0664471044597,1.5190990722355506,8.0,-197.08,1896.06,-1.52,8.0,600.0818840002466,3805.2510130001906,0.051325175244409896
15,203.73607148206378,-1880.0771351482465,1.5185614477367606,8.0,-196.68,1888.07,-1.52,8.0,600.1297680013522,3789.362197313298,0.030803614743504588
16,204.15376051117428,-1872.088046597294,1.5183526852877227,8.0,-196.26,1880.08,-1.52,8.0,600.1284080011828,3773.4727015724457,0.011961207250686112
17,204.57311735286234,-1864.0990454182147,1.5184446537493752,8.0,-195.85,1872.09,-1.52,8.0,600.0813979990198,3757.585295906622,0.005269404700998539
18,204.99173945662935,-1856.1100057053181,1.518810412255509,8.0,-195.43,1864.1,-1.52,8.0,600.1434400022845,3741.6974832259534,0.020956418722479487
19,205.40743947322918,-1848.1208134122137,1.5194242187036249,8.0,-195.01,1856.11,-1.52,8.0,667.0373119995929,3725.809985072616,0.03516851891495204
20,205.81823559408298,-1840.131367464772,1.5202615325696094,8.0,-194.59,1848.12,-1.52,8.0,600.2531910016842,3709.922493090297,0.04797455064869519
21,206.2223418978417,-1832.1415803527607,1.521299012523297,8.0,-194.18,1840.13,-1.52,8.0,600.1202369989187,3694.0358140201943,0.05944322267572969
22,206.61815874164165,-1824.151378288597,1.5225145093024555,8.0,-193.78,1832.14,-1.52,8.0,600.1937679975526,3678.1497153421074,0.06964283545752384
23,207.004263230563,-1816.1607010129442,1.5238870542830316,8.0,-193.38,1824.15,-1.52,8.0,600.8021399975405,3662.2629012882235,0.07864103457887903
24,207.37939979525467,-1808.1695013184158,1.5253968441636072,8.0,-193.0,1816.16,-1.52,8.0,600.1415240025381,3646.3773800729136,0.08650458810854224
25,207.7424709045422,-1800.1777443545436,1.527025222162143,8.0,-192.62,1808.17,-1.53,8.0,600.0986809995084,3630.490814242244,0.09329918676805966
26,208.09252793700898,-1792.185406769455,1.5287546561032306,8.0,-192.26,1800.18,-1.53,8.0,600.1904080003442,3614.6052844507694,0.09908926577099608
27,208.4287622329778,-1784.19247573646,1.5305687137543753,8.0,-191.91,1792.19,-1.53,8.0,600.1445919973776,3598.7195969262575,0.10393784720400842
28,208.75049634596306,-1776.198947906988,1.532452035750298,8.0,-191.57,1784.19,-1.53,8.0,600.2199320028012,3582.8237411534647,0.10790640183052348
29,209.05717551048198,-1768.2048283250672,1.5343903064250162,8.0,-191.25,1776.2,-1.53,8.0,600.1433689998521,3566.938662469433,0.11105472921532672
30,209.34835934106687,-1760.2101293328094,1.5363702228525398,8.0,-190.94,1768.2,-1.53,8.0,600.1743609995174,3551.043341245265,0.11344085508572171
31,209.62371377539537,-1752.2148694911598,1.5383794623784706,8.0,-190.65,1760.21,-1.54,8.0,600.1102230002289,3535.1587672634364,0.11512094486670088
32,209.88300327263002,-1744.2190725354696,1.5404066489066803,8.0,-190.38,1752.21,-1.54,8.0,600.137334997271,3519.265083942963,0.11614923235219769
33,210.12608327632253,-1736.222766381263,1.5424413181875956,8.0,-190.12,1744.22,-1.54,8.0,600.094868997985,3503.3810493912442,0.11657796250136046
34,210.3528929495874,-1728.2259821918458,1.544473882337468,8.0,-189.87,1736.22,-1.54,8.0,600.1760380022461,3487.486821131538,0.11645734737728503
35,210.56344818867515,-1720.228753516155,1.546495593801371,8.0,-189.65,1728.23,-1.54,8.0,600.2631929986819,3471.604611532434,0.1158355342748545
36,210.75783491958094,-1712.231115502413,1.5484985089566248,8.0,-189.44,1720.23,-1.55,8.0,600.134252999851,3455.7123168039307,0.11475858511883617
37,210.9362026809055,-1704.2331041907357,1.5504754515378334,8.0,-189.24,1712.23,-1.55,8.0,600.0720619995263,3439.8199277707413,0.11327046624295284
38,211.09875849484501,-1696.234755885782,1.552419976049829,8.0,-189.06,1704.23,-1.55,8.0,601.6076539999631,3423.928677414512,0.11141304769708162
39,211.24576102692555,-1688.2361066088376,1.554326331320512,8.0,-188.9,1696.23,-1.55,8.0,601.8643639981747,3408.038652487938,0.10922611126265885
40,211.37751503391698,-1680.2371916273141,1.5561894243318743,8.0,-188.75,1688.24,-1.55,8.0,601.0291700004018,3392.158695992959,0.10674736639138109
41,211.49436609826273,-1672.238045058538,1.5580047844544218,8.0,-188.62,1680.24,-1.56,8.0,654.8896829990554,3376.2702126100235,0.10401247331832139
42,211.59669564634584,-1664.2386995438358,1.5597685281977318,8.0,-188.51,1672.24,-1.56,8.0,600.1383680013532,3360.383234158087,0.10105507263426873
43,211.68491624697882,-1656.2391859882734,1.5614773245780373,8.0,-188.4,1664.24,-1.56,8.0,600.1780519982276,3344.495472382897,0.09790682063873835
44,211.75946718565493,-1648.2395333609688,1.5631283611924687,8.0,-188.32,1656.24,-1.56,8.0,600.1346589982859,3328.610606013429,0.09459742982848361
45,211.82081030933116,-1640.2397685506023,1.5647193110789495,8.0,-188.24,1648.24,-1.56,8.0,600.1005830003123,3312.7251380263924,0.09115471391216645
46,211.86942613582607,-1632.2399162706276,1.5662483004306829,8.0,-188.18,1640.24,-1.56,8.0,600.1461479972932,3296.841571223315,0.08760463677476761
47,211.90581022130812,-1624.2399990086603,1.5677138772246995,8.0,-188.13,1632.24,-1.57,8.0,600.1148630020907,3280.958797882543,0.0839713648494651
48,211.9304697788192,-1616.2400370146117,1.5691149808150442,8.0,-188.09,1624.24,-1.57,8.0,600.1157379978395,3265.0769128050088,0.0802773223873798
49,211.94392054032065,-1608.2400483223064,1.570450912532837,8.0,-188.07,1616.24,-1.57,8.0,600.1317689988355,3249.1972421899322,0.07654324914718856
50,211.94668385436216,-1600.2400487995506,1.5717213073276577,8.0,-188.06,1608.24,-1.57,8.0,600.3065400000196,3233.3186620982674,0.07278826005861527
51,211.93928401115528,-1592.2400522219064,1.57292610647744,8.0,-188.05,1600.24,-1.57,8.0,600.1758980019076,3217.4400244850785,0.06902990644347753
52,211.92224578657573,-1584.2400703657454,1.5740655313873129,8.0,-188.06,1592.24,-1.57,8.0,692.4466470009065,3201.563904465323,0.06528423840778814
53,211.8960921964234,-1576.240113116502,1.575140058491579,8.0,-188.08,1584.24,-1.57,8.0,600.0999440002488,3185.6891593081737,0.06156586804685739
54,211.8613424521266,-1568.2401885884035,1.576150395267251,8.0,-188.1,1576.24,-1.58,8.0,600.6270079997194,3169.8146210592613,0.057888033132872524
55,211.81851010898745,-1560.2403032523264,1.5770974573622603,8.0,-188.14,1568.24,-1.58,8.0,600.4517040018982,3153.942900188012,0.05426266098084298
56,211.7681013980234,-1552.2404620687867,1.5779823468365866,8.0,-188.18,1560.24,-1.58,8.0,600.7809239999915,3138.071559185961,0.05070043221444702
57,211.71061373245934,-1544.240668623434,1.5788063315101253,8.0,-188.23,1552.24,-1.58,8.0,600.1685310002358,3122.2019514553067,0.04721084417723388
58,211.6465343799664,-1536.240925262764,1.579570825407079,8.0,-188.29,1544.24,-1.58,8.0,600.1197299992782,3106.3341678640422,0.04380227375896007
59,211.57633929181836,-1528.2412332280917,1.5802773702830173,8.0,-188.35,1536.24,-1.58,8.0,600.0577200029511,3090.467004461708,0.040482039427855616
60,211.5004920802453,-1520.2415927861407,1.5809276182174878,8.0,-188.42,1528.24,-1.58,8.0,600.0917829987884,3074.601831382664,0.03725646228226179
61,211.41944313539986,-1512.2420033548924,1.5815233152521309,8.0,-188.5,1520.24,-1.58,8.0,600.1364720032143,3058.738737072689,0.034130925953503255
62,211.33362887351402,-1504.2424636236044,1.5820662860516812,8.0,-188.58,1512.24,-1.58,8.0,600.1224380015628,3042.876495013807,0.03110993521307866
63,211.24347110800744,-1496.2429716661536,1.5825584195629663,8.0,-188.67,1504.24,-1.58,8.0,600.1827729996876,3027.016492791575,0.0281971731535887
64,211.14937653551215,-1488.2435250470787,1.583001655645031,8.0,-188.76,1496.24,-1.58,8.0,600.1668850003625,3011.1574885280343,0.025395556830224802
65,211.05173632899766,-1480.2441209198907,1.5833979726418512,8.0,-188.85,1488.24,-1.58,8.0,600.1941780014022,2995.2995467686505,0.022707291267096533
66,210.95092583041415,-1472.244756117397,1.583749375867649,8.0,-188.95,1480.24,-1.58,8.0,601.694116001454,2979.444073243468,0.020133921745499654
67,210.8473043355168,-1464.2454272339346,1.5840578869736612,8.0,-189.05,1472.24,-1.58,8.0,621.8619930004934,2963.58980265017,0.017676384307409587
68,210.74121496378874,-1456.2461306995383,1.5843255341642424,8.0,-189.15,1464.25,-1.58,8.0,600.1155829981144,2947.7467043889965,0.015335054418833148
69,210.63298460664203,-1448.2468628461788,1.5845543432294704,8.0,-189.26,1456.25,-1.58,8.0,636.0358290003205,2931.8963872246413,0.013109793751900347
70,210.52292394734437,-1440.247619966301,1.5847463293608675,8.0,-189.37,1448.25,-1.58,8.0,603.5203760002332,2916.0474706654113,0.010999995054094297
71,210.41132754638988,-1432.248398363964,1.5849034897165062,8.0,-189.48,1440.25,-1.58,8.0,625.7370829989668,2900.2000142145976,0.00900462508487429
72,210.2984739863069,-1424.249194398945,1.5850277967015778,8.0,-189.59,1432.25,-1.58,8.0,600.093504999677,2884.35407660518,0.007122265608598313
73,210.18462607017054,-1416.2500045242145,1.5851211919304822,8.0,-189.7,1424.25,-1.59,8.0,600.1150400006736,2868.509715840151,0.005351152442879872
74,210.07003106836237,-1408.2508253172234,1.5851855808366082,8.0,-189.82,1416.25,-1.59,8.0,600.1715419988614,2852.668391027168,0.0036892125684857926
75,209.9549210083931,-1400.251653505461,1.5852228278962093,8.0,-189.93,1408.25,-1.59,8.0,600.1430399992387,2836.8273630576814,0.002134099314413218
76,209.83951300287447,-1392.2524859867588,1.5852347524331591,8.0,-190.05,1400.25,-1.59,8.0,600.0785100004578,2820.9894995997247,0.0006832256398753516
77,209.7240096109954,-1384.2533198448123,1.5852231249718187,8.0,-190.16,1392.25,-1.59,8.0,600.1005459984299,2805.152029080034,0.0006662044612578428
78,209.60859922911925,-1376.2541523603952,1.5851896641058234,8.0,-190.28,1384.25,-1.59,8.0,602.4062290016445,2789.3178497604767,0.001917166400384429
79,209.49345650637892,-1368.254981018725,1.5851360338512404,8.0,-190.39,1376.25,-1.59,8.0,603.1066409996129,2773.4841570890717,0.0030727872418207934
80,209.37874278139947,-1360.2558035134248,1.5850638414532616,8.0,-190.51,1368.25,-1.59,8.0,600.1270650012884,2757.6538808214723,0.004136319717110119
81,209.2646065365244,-1352.2566177475105,1.5849746356164012,8.0,-190.62,1360.26,-1.59,8.0,600.070117998257,2741.8340759610646,0.005111117960036387
82,209.151183866163,-1344.2574218318045,1.5848699051289774,8.0,-190.74,1352.26,-1.58,8.0,723.041416000342,2726.0079172989067,0.0060006149157297
83,209.03859895610933,-1336.2582140811564,1.5847510778535927,8.0,-190.85,1344.26,-1.58,8.0,600.6448560001445,2710.1824269956282,0.006808301370582261
84,208.9269645709105,-1328.2589930088243,1.584619520056207,8.0,-190.96,1336.26,-1.58,8.0,600.4247130003932,2694.359116476216,0.0075377065522388206
85,208.8163825465798,-1320.2597573193416,1.5844765360474078,8.0,-191.07,1328.26,-1.58,8.0,600.1614369997696,2678.538038530925,0.008192380242055371
86,208.7069442861618,-1312.2605059001676,1.5843233681104332,8.0,-191.18,1320.26,-1.58,8.0,600.1658479981415,2662.7192458453815,0.008775876345371438
87,208.59873125585995,-1304.261237812394,1.5841611966915377,8.0,-191.29,1312.26,-1.58,8.0,600.2086289990984,2646.90279105764,0.009291737860361318
88,208.4918154796313,-1296.2619522807486,1.5839911408292995,8.0,-191.4,1304.26,-1.58,8.0,618.3463419984037,2631.088726816652,0.009743483187705407
89,208.38626003034042,-1288.2626486831143,1.583814258800504,8.0,-191.51,1296.26,-1.58,8.0,664.5785700020497,2615.277105842177,0.010134593721694268
90,208.28211951574275,-1280.2633265397562,1.5836315489612707,8.0,-191.61,1288.26,-1.58,8.0,600.1973189995624,2599.46644260503,0.010468502663581708
91,208.179440557738,-1272.2639855024217,1.583443950763125,8.0,-191.72,1280.26,-1.58,8.0,600.1045909979439,2583.659857474192,0.01074858499800309
92,208.07826226349616,-1264.2646253434607,1.5832523459247474,8.0,-191.82,1272.26,-1.58,8.0,600.195557999541,2567.8543173504113,0.010978148573326007
93,207.9786166872126,-1256.265245945087,1.5830575597411398,8.0,-191.92,1264.26,-1.58,8.0,600.1173209988337,2552.051413877645,0.01116042622817444
94,207.88052928139376,-1248.2658472888866,1.5828603625129727,8.0,-192.02,1256.27,-1.58,8.0,600.143900999683,2536.2610756139834,0.011298568905655105
95,207.78401933671387,-1240.2664294456572,1.5826614710798506,8.0,-192.12,1248.27,-1.58,8.0,600.1507520013547,2520.463605244043,0.011395639699206409
96,207.68910040961134,-1232.2669925656464,1.5824615504422166,8.0,-192.22,1240.27,-1.58,8.0,600.15839100015,2504.668933850539,0.011454608773990528
97,207.5957807369168,-1224.267536869245,1.5822612154575646,8.0,-192.31,1232.27,-1.58,8.0,600.2116769996064,2488.8755098466495,0.011478349109377454
98,207.50406363691832,-1216.2680626381741,1.5820610325975544,8.0,-192.4,1224.27,-1.58,8.0,600.0994790010736,2473.084975349414,0.011469633009443956
99,207.413947896377,-1208.268570207194,1.5818615217535328,8.0,-192.5,1216.27,-1.58,8.0,600.3542200014635,2457.299013987596,0.011431129329529905
100,207.32542814310528,-1200.2690599563548,1.5816631580788405,8.0,-192.59,1208.27,-1.58,8.0,612.4882049989537,2441.5144384177465,0.011365401368573733
101,207.23849520381378,-1192.2695323037951,1.581466373857129,8.0,-192.67,1200.27,-1.58,8.0,600.2597799997602,2425.731274929818,0.011274905378831739
102,207.15313644701848,-1184.2699876990919,1.581271560386745,8.0,-192.76,1192.27,-1.58,8.0,600.1260510020074,2409.952868799656,0.011161989645298333
103,207.06933611087905,-1176.2704266171536,1.5810790698720156,8.0,-192.85,1184.27,-1.58,8.0,600.1989879987377,2394.177641924103,0.01102889409029949
104,206.9870756159129,-1168.2708495526476,1.5808892173130413,8.0,-192.93,1176.27,-1.58,8.0,600.1978130007046,2378.403973800547,0.010877750358986046
105,206.9063338625965,-1160.2712570149447,1.5807022823863282,8.0,-193.01,1168.27,-1.58,8.0,600.1237169984961,2362.633585580049,0.010710582344252456
106,206.82708751392693,-1152.2716495235597,1.5805185113092861,8.0,-193.09,1160.27,-1.58,8.0,600.1536440016935,2346.8665402333313,0.010529307111082312
107,206.74931126307183,-1144.2720276040686,1.5803381186822953,8.0,-193.17,1152.27,-1.58,8.0,600.1802819992008,2331.102902077241,0.010335736181848649
108,206.67297808628737,-1136.2723917844753,1.5801612893026755,8.0,-193.25,1144.27,-1.58,8.0,600.1656090011238,2315.342736859375,0.010131577146132628
109,206.59805948132814,-1128.2727425920025,1.579988179945489,8.0,-193.33,1136.27,-1.58,8.0,600.1876190020994,2299.586111844175,0.009918435561015891
110,206.52452569161395,-1120.2730805502804,1.5798189211066953,8.0,-193.4,1128.27,-1.58,8.0,600.1032820022374,2283.8313447669916,0.009697817108158199
111,206.45234591645453,-1112.2734061769038,1.57965361870471,8.0,-193.48,1120.27,-1.58,8.0,600.1257349998923,2268.081996263409,0.009471129977126989
112,206.38148850766424,-1104.273719981332,1.5794923557369254,8.0,-193.55,1112.27,-1.58,8.0,600.1914560001751,2252.3346239155135,0.009239687445819565
113,206.31192115292697,-1096.2740224631034,1.579335193888248,8.0,-193.62,1104.27,-1.58,8.0,600.1864009995188,2236.591052551889,0.009004710629683669
114,206.2436110462945,-1088.2743141103363,1.5791821750891515,8.0,-193.69,1096.27,-1.58,8.0,600.2165309982956,2220.851357825716,0.008767331374393799
115,206.17652504622222,-1080.2745953984943,1.5790333230211573,8.0,-193.76,1088.27,-1.58,8.0,611.9689430015569,2205.1156174445973,0.008528595267861934
116,206.1106298215624,-1072.2748667893873,1.5788886445680772,8.0,-193.82,1080.27,-1.58,8.0,600.1228289969731,2189.3820845642294,0.008289464747970241
117,206.04589198594843,-1064.2751287303856,1.5787481312116958,8.0,-193.89,1072.27,-1.58,8.0,600.1344399992377,2173.65448146667,0.008050822285873753
118,205.9822782210147,-1056.2753816538268,1.5786117603709204,8.0,-193.95,1064.28,-1.58,8.0,601.9826299998385,2157.9390523886577,0.007813473625077252
119,205.91975538890392,-1048.275625976591,1.5784794966837516,8.0,-194.02,1056.28,-1.58,8.0,684.3583829977433,2142.219921196294,0.007578151057610154
120,205.85829063451925,-1040.2758620998277,1.5783512932317132,8.0,-194.08,1048.28,-1.58,8.0,600.6974649972108,2126.5032860137358,0.0073455167208113775
121,205.7978514779814,-1032.2760904088132,1.578227092706638,8.0,-194.14,1040.28,-1.58,8.0,600.0808050011983,2110.791091732076,0.007116165900119102
122,205.73840589775165,-1024.276311272925,1.5781068285199753,8.0,-194.2,1032.28,-1.58,8.0,600.191261000873,2095.083432693919,0.0068906303223443075
123,205.67992240488073,-1016.276525045715,1.577990425854992,8.0,-194.26,1024.28,-1.58,8.0,600.2426619998005,2079.3804061402197,0.006669381427621875
124,205.62237010884007,-1008.2767320650672,1.5778778026624396,8.0,-194.32,1016.28,-1.58,8.0,600.595350999356,2063.682112331805,0.006452833608538364
125,205.56571877538775,-1000.2769326534308,1.577768870600468,8.0,-194.38,1008.28,-1.58,8.0,600.1298939991102,2047.9886546748544,0.006241347404630245
126,205.50993887691507,-992.2771271181114,1.5776635359196902,8.0,-194.43,1000.28,-1.58,8.0,600.4302239998651,2032.2981719073734,0.006035232644924592
127,205.45500163571265,-984.2773157516148,1.5775617002944937,8.0,-194.49,992.28,-1.58,8.0,600.383860997681,2016.6146946763574,0.005834751527835569
128,205.40087906058562,-976.2774988320308,1.5774632616017854,8.0,-194.54,984.28,-1.58,8.0,600.13741000148,2000.9343849737459,0.005640121632971602
129,205.34754397723904,-968.2776766234512,1.5773681146484915,8.0,-194.6,976.28,-1.58,8.0,600.2893859986216,1985.261341901519,0.005451518857270795
130,205.29497005284276,-960.2778493764118,1.5772761518492322,8.0,-194.65,968.28,-1.58,8.0,600.1965520008525,1969.591672774319,0.005269080269765034
131,205.243131815175,-952.2780173283551,1.5771872638556559,8.0,-194.71,960.28,-1.58,8.0,600.2092189992254,1953.9295476796844,0.005092906881308781
132,205.19200466673078,-944.278180704105,1.577101340139011,8.0,-194.76,952.28,-1.58,8.0,600.5647359997965,1938.2710179003866,0.004923066323827448
133,205.14156489416976,-936.2783397163513,1.5770182695275796,8.0,-194.81,944.28,-1.58,8.0,600.242194999737,1922.61824690655,0.0047595954365918
134,205.0917896734642,-928.2784945661372,1.576937940700641,8.0,-194.86,936.28,-1.58,8.0,605.2336729990202,1906.9713720246948,0.00460250275682127
135,205.04265707109516,-920.2786454433484,1.5768602426406728,8.0,-194.91,928.28,-1.58,8.0,602.9511460001231,1891.3305352427362,0.004451770912529742
136,204.99414604163067,-912.2787925271992,1.5767850650455246,8.0,-194.96,920.28,-1.58,8.0,605.8809399983147,1875.695883400248,0.004307358915934481
137,204.94623642200648,-904.2789359867138,1.5767122987023097,8.0,-195.01,912.28,-1.58,8.0,600.382347998675,1860.0675683872448,0.004169204356817527
138,204.8989089228153,-896.2790759812,1.5766418358247716,8.0,-195.05,904.28,-1.58,8.0,600.1307000005909,1844.443578927483,0.004037225495279789
139,204.85214511689705,-888.279212660714,1.5765735703558788,8.0,-195.1,896.28,-1.58,8.0,600.0472640007501,1828.8283959616974,0.003911323254040496
140,204.80592742550797,-880.2793461665153,1.5765073982373918,8.0,-195.15,888.28,-1.58,8.0,600.2090180008963,1813.220037611467,0.0037913831107400098
141,204.76023910233326,-872.2794766315088,1.5764432176481433,8.0,-195.19,880.28,-1.58,8.0,600.1258470023458,1797.6164532204646,0.0036772768906022228
142,204.71506421559295,-864.2796041806752,1.5763809292127338,8.0,-195.24,872.28,-1.58,8.0,600.0654470008158,1782.0222535826658,0.0035688644614412022
143,204.67038762847838,-856.2797289314876,1.5763204361823355,8.0,-195.28,864.28,-1.58,8.0,600.065460002952,1766.4331556515135,0.003465995331775418
144,204.6261949781419,-848.2798509943153,1.5762616445892608,8.0,-195.33,856.28,-1.58,8.0,600.0769940001192,1750.8538612697394,0.003368510154034218
145,204.58247265344986,-840.2799704728124,1.5762044633769126,8.0,-195.37,848.28,-1.58,8.0,600.0901609986613,1735.2800218595135,0.0032762421349938854
146,204.5392077716959,-832.2800874642924,1.5761488045067065,8.0,-195.42,840.28,-1.58,8.0,600.1263209982426,1719.7164342006865,0.003189018355275276
147,204.49638815445877,-824.2802020600894,1.576094583043501,8.0,-195.46,832.28,-1.58,8.0,600.1388299991959,1704.158682598227,0.0031066610007019235
148,204.45400230277647,-816.2803143459039,1.5760417172210381,8.0,-195.5,824.28,-1.58,8.0,600.1817489996029,1688.6092943498622,0.0030289885076050602
149,204.41203937179682,-808.2804244021345,1.5759901284888427,8.0,-195.55,816.28,-1.58,8.0,600.1258579999558,1673.070890749131,0.002955816625230655
150,204.37048914505272,-800.2805323041961,1.575939741541987,8.0,-195.59,808.28,-1.58,8.0,600.6889259988384,1657.538952472583,0.002886959397385814
151,204.3293420084992,-792.2806381228238,1.5758904843350656,8.0,-195.63,800.28,-1.58,8.0,600.9609139982786,1642.016096558754,0.0028222300671920837
152,204.28858892443847,-784.2807419243635,1.5758422880816916,8.0,-195.67,792.28,-1.58,8.0,646.3358610017167,1626.502580948314,0.002761441906675893
153,204.24822140544907,-776.2808437710486,1.5757950872407553,8.0,-195.71,784.28,-1.58,8.0,600.1879959985672,1610.998673488348,0.002704408975114565
154,204.20823148842473,-768.2809437212644,1.5757488194906433,8.0,-195.75,776.28,-1.58,8.0,600.3731339988008,1595.5046523919855,0.002650946808987684
155,204.1686117088195,-760.2810418297995,1.5757034256925593,8.0,-195.79,768.28,-1.58,8.0,600.1887349993922,1580.0208067237115,0.002600873046281811
156,204.1293550751861,-752.2811381480846,1.5756588498440411,8.0,-195.83,760.28,-1.58,8.0,600.1784620020771,1564.5474369120252,0.0025540079883036655
157,204.09045504408627,-744.2812327244199,1.5756150390236998,8.0,-195.87,752.28,-1.58,8.0,600.1547499981825,1549.0848552912482,0.0025101751025639846
158,204.05190549544292,-736.2813256041903,1.5755719433281703,8.0,-195.91,744.28,-1.58,8.0,600.1374929983285,1533.6333866743978,0.0024692014690220684
159,204.01370070839678,-728.28141683007,1.575529515802204,8.0,-195.95,736.28,-1.58,8.0,600.2279900021676,1518.1933689591908,0.002430918173049673
160,203.97583533772217,-720.2815064422155,1.5754877123627722,8.0,-195.99,728.28,-1.58,8.0,600.1492440009315,1502.7651537693914,0.002395160648574691
161,203.9383043908499,-712.2815944784481,1.575446491718024,8.0,-196.02,720.28,-1.58,8.0,600.1812579997932,1487.3464180297196,0.0023617689728804058
162,203.9011032055385,-704.2816809744276,1.5754058152818553,8.0,-196.06,712.28,-1.58,8.0,680.7141070021316,1471.9428929420078,0.0023305881180983126
163,203.8642274282288,-696.2817659638135,1.575365647084837,8.0,-196.1,704.28,-1.58,8.0,600.1438649982447,1456.5523140285543,0.002301468159801614
164,203.827672993111,-688.2818494784199,1.5753259536821655,8.0,-196.14,696.28,-1.58,8.0,600.1428900017345,1441.1750950077603,0.0022742644475847295
165,203.79143610192835,-680.2819315483586,1.575286704059284,8.0,-196.17,688.28,-1.58,8.0,600.1691469973593,1425.8088619629532,0.002248837738595705
166,203.75551320453536,-672.282012202175,1.5752478695357546,8.0,-196.21,680.28,-1.58,8.0,600.5564920014876,1410.4596444440954,0.0022250542976346263
167,203.71990098022545,-664.2820914669752,1.5752094236679302,8.0,-196.24,672.28,-1.58,8.0,601.1628470005235,1395.122269458375,0.00220278596605716
168,203.68459631983697,-656.2821693685448,1.5751713421509281,8.0,-196.28,664.28,-1.58,8.0,600.4454169997189,1379.802928492561,0.0021819102016714274
169,203.64959630864342,-648.2822459314601,1.5751336027203724,8.0,-196.32,656.28,-1.58,8.0,607.350618000055,1364.4992969881057,0.0021623100920708923
170,203.61489821002974,-640.282321179192,1.5750961850543197,8.0,-196.35,648.28,-1.58,8.0,885.0083480028843,1349.2089442939764,0.0021438743440494743
171,203.5804994499531,-632.2823951342023,1.5750590706757706,8.0,-196.39,640.28,-1.58,8.0,600.0926530032302,1333.9383231393954,0.0021264972501166685
172,203.54639760218367,-624.2824678180338,1.5750222428561003,8.0,-196.42,632.28,-1.58,8.0,600.0608899994404,1318.682052179302,0.002110078635776672
173,203.5125903743179,-616.2825392513937,1.5749856865197405,8.0,-196.45,624.28,-1.58,8.0,600.0484169999254,1303.4437032310984,0.002094523787876847
174,203.4790755945542,-608.2826094542306,1.574949388150384,8.0,-196.49,616.28,-1.57,8.0,600.2024580011494,1288.2270164475347,0.0020797433673333024
175,203.4458511992191,-600.2826784458059,1.5749133356989784,8.0,-196.52,608.28,-1.57,8.0,600.1067149991286,1273.0264843504303,0.0020656533066406974
176,203.41291522102946,-592.2827462447594,1.5748775184937251,8.0,-196.55,600.28,-1.57,8.0,600.1211760012666,1257.8458718312618,0.0020521746949651626
177,203.38026577807454,-584.2828128691697,1.5748419271522804,8.0,-196.59,592.28,-1.57,8.0,600.2254270024423,1242.6891269071266,0.0020392336519907796
178,203.34790106350056,-576.2828783366094,1.5748065534963356,8.0,-196.62,584.28,-1.57,8.0,635.0998519992572,1227.5506166566404,0.0020267611915882862
179,203.3158193358785,-568.282942664196,1.574771390468717,8.0,-196.65,576.28,-1.57,8.0,600.1890730003652,1212.4343224922097,0.0020146930774433353
180,203.2840189102352,-560.2830058686376,1.574736432053129,8.0,-196.68,568.28,-1.57,8.0,600.1168019975012,1197.3410853378753,0.0020029696716620947
181,203.25249814972648,-552.283067966275,1.5747016731966506,8.0,-196.72,560.28,-1.57,8.0,600.1140830012446,1182.275170795134,0.0019915357769139564
182,203.2212554579301,-544.2831289731196,1.574667109735051,8.0,-196.75,552.28,-1.57,8.0,619.7705180020421,1167.2307830998593,0.001980340475012025
183,203.19028927173653,-536.283188904887,1.5746327383210064,8.0,-196.78,544.28,-1.57,8.0,600.7737610016193,1152.2122363160422,0.0019693369606591632
184,203.1595980548136,-528.2832477770284,1.5745985563552463,8.0,-196.81,536.28,-1.57,8.0,601.3143099989975,1137.220553756264,0.0019584823735147062
185,203.12918029162228,-520.2833056047572,1.5745645619206732,8.0,-196.84,528.28,-1.57,8.0,600.1173980002932,1122.2568115382182,0.0019477376279711735
186,203.09903448195922,-512.2833624030739,1.5745307537194595,8.0,-196.87,520.28,-1.57,8.0,600.083392997476,1107.3221418907744,0.0019370672424729824
187,203.0691591360028,-504.28341818678683,1.5744971310131293,8.0,-196.9,512.28,-1.57,8.0,600.1811530004488,1092.4177366994575,0.0019264391685298297
188,203.03955276983828,-496.28347297053176,1.5744636935656144,8.0,-196.93,504.28,-1.57,8.0,600.1889239996672,1077.5448513104948,0.0019158246202898488
189,203.01021390143853,-488.28352676878757,1.5744304415892554,8.0,-196.96,496.28,-1.57,8.0,600.2192449996073,1062.7048086142056,0.0019051979058429893
190,202.98114104707693,-480.2835795958908,1.5743973756937244,8.0,-196.99,488.28,-1.57,8.0,600.091483000142,1047.8990034302476,0.0018945362597457297
191,202.95233271814865,-472.28363146604744,1.5743644968378216,8.0,-197.02,480.28,-1.57,8.0,600.1896500019939,1033.128907219124,0.0018838196784464567
192,202.92378741837769,-464.2836823933432,1.5743318062840936,8.0,-197.05,472.28,-1.57,8.0,600.1341590017546,1018.3960731463867,0.0018730307585606194
193,202.8955036413869,-456.283732391752,1.5742993055562255,8.0,-197.08,464.28,-1.57,8.0,600.1953219965799,1003.7021415281598,0.0018621545379447744
194,202.867479868609,-448.2837814751426,1.5742669963991336,8.0,-197.1,456.28,-1.57,8.0,605.1922549995652,989.0448016692952,0.0018511783409944054
195,202.83971456751655,-440.28382965728423,1.5742348807416917,8.0,-197.13,448.28,-1.57,8.0,600.1341170012893,974.4339135859548,0.0018400916277075202
196,202.8122061901505,-432.28387695185063,1.5728939637230246,8.0,-197.16,440.28,-1.57,8.0,600.1094300008845,959.8674309954789,0.07682888584689103
197,202.79542510703183,-424.2838945521669,1.5703751472321663,8.0,-197.19,432.28,-1.57,8.0,600.1127350027673,945.3518105702389,0.14431755429413162
198,202.79879454343407,-416.2838952617358,1.5668027882606417,8.0,-197.17,424.28,-1.56,8.0,642.2416850000445,930.8720097983986,0.2046810919740571
199,202.83074276678772,-408.28395905505107,1.562294751234215,8.0,-197.07,416.28,-1.54,8.0,601.6925179974351,916.4203875067209,0.2582914955029595
200,202.8987545519874,-400.2842481604578,1.5569624826002837,8.0,-196.85,408.29,-1.52,8.0,600.3520320009557,901.9930052689515,0.3055164879542475
201,203.00942177563763,-392.28501364923056,1.550911105444583,8.0,-196.47,400.3,-1.5,8.0,632.5893460016232,887.5667931392819,0.3467183712635305
202,203.16849306257467,-384.28659528522434,1.5429305350795977,8.0,-195.92,392.32,-1.48,8.0,600.1678079992416,873.1491448403674,0.45725300002083896
203,203.3913905469469,-376.2897010936359,1.533244501043324,8.0,-195.15,384.35,-1.45,8.0,600.0920280021091,858.7246327309529,0.5549688704985465
204,203.6917345535145,-368.2953409893049,1.5220642479035602,8.0,-194.16,376.41,-1.42,8.0,600.0838559994008,844.3175040144773,0.6405813187963522
205,204.08143689670402,-360.30483837158977,1.5095887422162644,8.0,-192.92,368.51,-1.38,8.0,600.1023150020046,829.9284363899421,0.7147938231735064
206,204.57079188905058,-352.31981916738835,1.496004912203074,8.0,-191.42,360.65,-1.35,8.0,600.2462010001182,815.5578889965419,0.7782961293789417
207,205.16856554191122,-344.34218376208526,1.481487916307274,8.0,-189.65,352.85,-1.31,8.0,600.3226719985832,801.2232153373476,0.8317625960380791
208,205.88208344026054,-336.37406653097383,1.4662014369963128,8.0,-187.59,345.12,-1.27,8.0,600.3080359987507,786.9272159251723,0.8758507481321318
209,206.71731768951915,-328.41778701421066,1.4502979963884854,8.0,-185.25,337.47,-1.23,8.0,600.1281199969526,772.6868207957215,0.9112000265654749
210,207.6789732026006,-320.4757961634126,1.4339192904904614,8.0,-182.61,329.92,-1.2,8.0,600.1735329991789,758.5118155115183,0.9384307218428063
211,208.77057344731523,-312.5506205246183,1.4171965390395727,8.0,-179.68,322.47,-1.16,8.0,600.1792140014004,744.4091862027359,0.9581430799821994
212,209.99454562780787,-304.6448067081045,1.400250848148671,8.0,-176.46,315.15,-1.12,8.0,600.1646260010602,730.4058585873555,0.9709165689819449
213,211.35230514232694,-296.76086802869224,1.3831935831505024,8.0,-172.95,307.96,-1.08,8.0,600.1660860019911,716.5023307478358,0.9773092944312858
214,212.84433905166247,-288.9012347793992,1.3661267492316878,8.0,-169.15,300.92,-1.04,8.0,600.1639899986912,702.7152795152612,0.9778575531988015
215,214.4702882123166,-281.0682092255683,1.3491433776325081,8.0,-165.08,294.03,-1.0,8.0,600.4401150021295,689.0546941546137,0.9730755145353398
216,216.2290276770355,-273.2639260749362,1.3323279153669771,8.0,-160.75,287.31,-0.96,8.0,600.1632080005948,675.5414968034097,0.9634550183764193
217,218.11874494159412,-265.4903188903642,1.3157566165876444,8.0,-156.15,280.76,-0.92,8.0,600.1195680000819,662.1680333027114,0.9494654811060579
218,220.13701561795818,-257.7490926646989,1.2994979338808657,8.0,-151.31,274.4,-0.88,8.0,600.0970570021309,648.9649776647041,0.931553899540761
219,222.28087613642785,-250.0417025696442,1.2836129079308307,8.0,-146.23,268.22,-0.85,8.0,600.1719330015476,635.9209527773276,0.9101449443927928
220,224.54689311884985,-242.3693387203879,1.2681555541345322,8.0,-140.92,262.23,-0.81,8.0,659.0472759999102,623.0461801528018,0.8856411349684268
221,226.93122911708926,-234.7329166624147,1.2531732448852617,8.0,-135.41,256.43,-0.77,8.0,600.1069560006727,610.3541406613157,0.8584230873430145
222,229.42970447144322,-227.13307318352082,1.2387070863695149,8.0,-129.69,250.84,-0.74,8.0,600.1607879989024,597.850500399687,0.8288498287195293
223,232.03785510867212,-219.5701669793211,1.2247922888416767,8.0,-123.78,245.44,-0.71,8.0,600.1303900011408,585.5260894343411,0.7972591711242003
224,234.75098616542087,-212.0442836511725,1.2114585294530311,8.0,-117.7,240.24,-0.68,8.0,600.0583519999054,573.3958239182004,0.7639681380123274
225,237.56422138716252,-204.55524448802532,1.1987303068169162,8.0,-111.46,235.24,-0.64,8.0,600.1218710007379,561.4603852358571,0.7292734377522656
226,240.4725483131652,-197.10261847490165,1.1866272865906442,8.0,-105.06,230.44,-0.61,8.0,614.9431569974695,549.7139552132228,0.6934519783268542
227,243.4708593126782,-189.68573697725054,1.1751646374475984,8.0,-98.53,225.82,-0.59,8.0,600.114790002408,538.1538861994944,0.6567614179357767
228,246.5539885854101,-182.30371056930377,1.1643533569000297,8.0,-91.86,221.4,-0.56,8.0,600.0814629987872,526.7833649591739,0.6194407465075685
229,249.71674527976654,-174.9554475029524,1.1542005865149498,8.0,-85.08,217.16,-0.53,8.0,600.079519997962,515.6000240693996,0.5817108934304893
230,252.95394291497163,-167.6396733490694,1.1447099161423804,8.0,-78.18,213.1,-0.51,8.0,600.3889760031598,504.5913069132005,0.5437753570980823
231,256.26042531820707,-160.3549513834008,1.1345726799084224,8.0,-71.19,209.21,-0.48,8.0,606.2454070015519,493.76313585776137,0.5808208521328874
232,259.64058351262383,-153.10412173564893,1.1239171311822362,8.0,-64.11,205.49,-0.46,8.0,600.3280469994934,483.1192238652131,0.6105179704064655
233,263.09780992263046,-145.88972047497924,1.112862270639269,8.0,-56.95,201.93,-0.44,8.0,523.8319119998778,472.66178033300395,0.6333968522177237
234,266.63457765645796,-138.7139784229712,1.1015181514127335,8.0,-49.71,198.52,-0.42,8.0,600.0909979993594,462.38582159883293,0.6499701539736991
235,270.25251854855566,-131.57881874001473,1.089986194930531,8.0,-42.4,195.26,-0.4,8.0,625.3418259984755,452.29991243656366,0.6607324359587354
236,273.95249940277466,-124.48585450223567,1.0783595152398942,8.0,-35.04,192.14,-0.38,8.0,600.1785099979315,442.4119080974704,0.6661596760239582
237,277.7346959439669,-117.43638719443196,1.066723249782907,8.0,-27.62,189.15,-0.37,8.0,600.1869439969596,432.7085660672396,0.6667088999792382
238,281.59866405005437,-110.43140678938163,1.0551548947391085,8.0,-20.15,186.29,-0.35,8.0,600.1404529997671,423.1971756794488,0.662817919918526
239,285.5434079006526,-103.4715938642257,1.0437246431968248,8.0,-12.63,183.54,-0.34,8.0,600.1174709999759,413.86354779271414,0.6549051721457572
240,289.56744474255237,-96.55732401882386,1.0338047214920634,8.0,-5.08,180.91,-0.32,8.0,600.1652369996009,404.72859127010344,0.5683696467830497
241,293.6598714843139,-89.68331184518647,1.0253208347961387,8.0,2.51,178.38,-0.31,8.0,600.1745499997924,395.76026433024094,0.4860909015436743
242,297.8104685888629,-82.84426632145221,1.018198946307999,8.0,10.13,175.95,-0.3,8.0,627.5564459974703,386.95545517328793,0.4080541525332092
243,302.00966693986544,-76.03495407946055,1.0123655674363672,8.0,17.78,173.6,-0.29,8.0,600.1061610004399,378.29104386305687,0.3342279896452898
244,306.24851491814934,-69.25025306784636,1.007748021141075,8.0,25.46,171.34,-0.28,8.0,600.1150070005679,369.76460076809695,0.26456591442651245
245,310.51864626641014,-62.48519739412124,1.0042746795104867,8.0,33.15,169.16,-0.27,8.0,600.1653610001085,361.3763459434255,0.19900781623979835
246,314.8122491593057,-55.735014122674535,1.0018751766784701,8.0,40.87,167.04,-0.26,8.0,600.4601849999744,353.09072883866116,0.1374813852042345
247,319.12203676008716,-48.99515278610756,1.0004805982056784,8.0,48.6,164.99,-0.25,8.0,625.1934460015036,344.9229160054747,0.07990346069076922
248,323.4412194324089,-42.261308338608366,1.0000236480656355,8.0,56.35,163.0,-0.24,8.0,600.6217700014531,336.8529711888682,0.02618131447236881
249,327.7634786848568,-35.529438245192374,1.0004387943860262,8.0,64.11,161.07,-0.24,8.0,657.7844550010923,328.8837118814969,0.02378613203877566
250,332.0829428538233,-28.7957743619105,1.0016623950996175,8.0,71.88,159.18,-0.23,8.0,600.1151249984105,320.9991638879297,0.07010715669797667
251,336.3941644753654,-22.056830221323803,1.0036328046575331,8.0,79.67,157.33,-0.23,8.0,600.1773950010829,313.1883322897399,0.11289615158080274
252,340.6920992563689,-15.309404295962302,1.006290462950341,8.0,87.46,155.52,-0.22,8.0,644.4031749997521,305.46551600123513,0.1522726035658392
253,344.97208652755165,-8.550579771053108,1.0095779675698955,8.0,95.26,153.74,-0.22,8.0,628.6823800001002,297.81598083442066,0.18836013983022873
254,349.22983104355006,-1.7777213171589494,1.0134401305274956,8.0,103.07,151.99,-0.22,8.0,600.1844870006607,290.2398569088342,0.22128563726224998
255,353.461385986677,5.0115306860663145,1.017824020522088,8.0,110.88,150.27,-0.21,8.0,600.1105670002289,282.7467979211156,0.2511783945397792
256,357.6631370292243,11.819268061762635,1.022678991826405,8.0,118.7,148.57,-0.21,8.0,600.0741329989978,275.3255228715483,0.2781693653944823
257,361.8317873128992,18.647324506492488,1.0279567008295807,8.0,126.52,146.89,-0.21,8.0,600.2044219967502,267.98847189034865,0.30239045138016446
258,365.9643432117958,25.49728667737308,1.0336111112423874,8.0,134.34,145.22,-0.21,8.0,706.8520520006132,260.7361970529364,0.3239738522886481
259,370.05810075606007,32.37050638641624,1.0395984889362646,8.0,142.17,143.56,-0.21,8.0,600.1164089975646,253.56673669124936,0.3430514722099382
260,374.1106326061237,39.26811362401826,1.0471863842892528,8.0,150.0,141.91,-0.21,8.0,663.8994840031955,246.49732754319447,0.4347543791131542
261,378.1107099724779,46.19627218623242,1.056204715484304,8.0,157.82,140.26,-0.21,8.0,600.1467240021157,239.53284073462854,0.5167123157276019
262,382.04814509462926,53.160222549269825,1.0664921793157323,8.0,165.65,138.62,-0.21,8.0,600.1297280017752,232.6618377867856,0.5894282594343256
263,385.9137317416415,60.16430991840225,1.077896169577511,8.0,173.48,136.98,-0.21,8.0,600.0966969986621,225.89541966226716,0.653400511608219
264,389.6991942168177,67.21202400518479,1.0902726650876682,8.0,181.31,135.34,-0.21,8.0,600.167339998734,219.24296426449968,0.7091209578946128
265,393.397142996665,74.30604788600347,1.1034860904727957,8.0,189.14,133.7,-0.21,8.0,561.0135499991884,212.7172348750326,0.7570735074788293
266,397.0010353326364,81.44831363510067,1.1174091527162364,8.0,196.97,132.05,-0.21,8.0,600.13634400093,206.33212488417325,0.7977327044471028
267,400.50513936621525,88.6400627215091,1.1319226563407252,8.0,204.8,130.4,-0.21,8.0,600.1550469991344,200.11095406262302,0.8315625036310301
268,403.9045005388095,95.88190942095383,1.1469152999540206,8.0,212.63,128.74,-0.21,8.0,600.083817000268,194.07624448363543,0.8590152027855975
269,407.1949093062773,103.1739057280683,1.1622834567370726,8.0,220.45,127.07,-0.21,8.0,600.2114069997333,188.26758742083774,0.8805305225642235
270,410.3728693852989,110.51560646673542,1.1779309413010886,8.0,228.27,125.39,-0.21,8.0,600.121167000907,182.70933917384093,0.8965348255142193
271,413.43556595925816,117.90613349096435,1.1937687651847053,8.0,236.09,123.7,-0.21,8.0,600.1180530001875,177.44018331407943,0.9074404652027352
272,416.3808334508702,125.34423804809805,1.2097148831074396,8.0,243.91,122.0,-0.22,8.0,600.0921059967368,172.50325306892088,0.9136452565905925
273,419.2071226252218,132.8283605419475,1.2256939319422582,8.0,251.72,120.29,-0.22,8.0,600.1100849971408,167.95578802278877,0.9155320588685414
274,421.91346691927754,140.35668708654106,1.24163696422006,8.0,259.54,118.57,-0.22,8.0,600.1977310006623,163.82857654753815,0.9134684621588869
275,424.4994480024202,147.92720238192408,1.2574811778330695,8.0,267.35,116.83,-0.22,8.0,600.1579710027727,160.1967072178692,0.9078065697291682
276,426.96516065824375,155.5377385718986,1.2731696434636666,8.0,275.15,115.09,-0.22,8.0,600.1209429996379,157.11098803479348,0.8988828676692623
277,429.3111771422278,163.18601985967004,1.288651031130561,8.0,282.96,113.33,-0.22,8.0,600.0932449969696,154.61012181342966,0.8870181743189359
278,431.53851121513173,170.86970276096687,1.3038793371159718,8.0,290.76,111.55,-0.23,8.0,600.1196420002088,152.7658874081463,0.8725176620978494
279,433.6485820802628,178.58641196529257,1.318813612415883,8.0,298.55,109.76,-0.23,8.0,600.1008000021102,151.6202554545852,0.8556709447713774
280,435.6431784666206,186.33377185466964,1.3334176937406115,8.0,306.35,107.96,-0.23,8.0,600.1123650021327,151.1925068008637,0.8367522235727712
281,437.5244231017312,194.109433795808,1.347659937984905,8.0,314.14,106.15,-0.23,8.0,600.2651460003108,151.52748218665204,0.8160204859925088
282,439.2947378101161,201.91109937652064,1.3615129609854355,8.0,321.93,104.32,-0.23,8.0,600.1753670025209,152.63847601032717,0.7937197514280527
283,440.9568094579912,209.73653980101622,1.3749533812887824,8.0,329.72,102.49,-0.23,8.0,600.1285269994696,154.51682134215807,0.7700793582637196
284,442.513556943973,217.58361169216704,1.3879615695645242,8.0,337.5,100.63,-0.24,8.0,600.1413560006768,157.1814061200219,0.7453142873115643
285,443.96809941105664,225.4502695728334,1.4005214042156693,8.0,345.28,98.77,-0.24,8.0,600.1500050006143,160.58403303072302,0.7196255168927794
286,445.3237258284658,233.33457531376092,1.4139290306010395,8.0,353.06,96.89,-0.24,8.0,600.1346400007606,164.71101127824724,0.7682004051699551
287,446.5735237424186,241.23634759434958,1.4280437368242636,8.0,360.83,95.01,-0.24,8.0,600.131049999618,169.5113465068054,0.8087130956577779
288,447.71166967186514,249.15497271764494,1.442734172128361,8.0,368.6,93.11,-0.24,8.0,600.1833400005125,174.95339319007465,0.8416999421347724
289,448.733368926504,257.0894626592272,1.4578780826188007,8.0,376.37,91.2,-0.24,8.0,600.139312002284,180.98555462732506,0.8676821564260826
290,449.6347964134678,265.0385147087326,1.4733620317512566,8.0,384.14,89.28,-0.24,8.0,600.1336320005066,187.56498567126374,0.8871649354849742
291,450.41303804335286,273.00057097363765,1.4890811081160136,8.0,391.9,87.35,-0.24,8.0,600.132374001987,194.65330750824796,0.9006367335444208
292,451.066032511218,280.9738763249294,1.5049386228824098,8.0,399.66,85.41,-0.25,8.0,600.1343179996184,202.20734383740043,0.908568669680883
293,451.59251337112744,288.95653364590646,1.5208457991006545,8.0,407.42,83.46,-0.25,8.0,600.2099340003042,210.19047618292703,0.9114140612762995
294,451.9919514409777,296.94655549996634,1.5367214548961616,8.0,415.18,81.5,-0.25,8.0,600.183605998609,218.5688405187093,0.9096080740849619
295,452.26449766692605,304.9419115617513,1.5524916824341028,8.0,422.93,79.54,-0.25,8.0,600.4371710005216,227.30273753094664,0.9035674798850191
296,452.41092664441044,312.9405713591519,1.5680895243801132,8.0,430.68,77.56,-0.25,8.0,600.1364500007185,236.3815698107311,0.8936905130185145
297,452.43258103728584,320.94054205205254,1.5834546494374777,8.0,438.43,75.58,-0.25,8.0,600.1368389988784,245.75977675726924,0.8803568174776949
298,452.3313171605004,328.9399011280822,1.5985330284021133,8.0,446.18,73.59,-0.25,8.0,600.1505160020315,255.42398225094377,0.8639274765724597
299,452.10945199791803,336.9368240268998,1.6132766120444693,8.0,453.93,71.6,-0.25,8.0,600.0881639993167,265.3430695905018,0.8447451176051137
300,451.76971191849304,344.9296068137915,1.6276430120021574,8.0,461.68,69.6,-0.25,8.0,600.1299570016272,275.507905872219,0.8231340843724572
301,451.31518333413715,352.9166841119027,1.6415951857487148,8.0,469.42,67.59,-0.25,8.0,600.125097000273,285.90050901108594,0.7994006707109644
302,450.7492655142707,360.8966425717669,1.6551011265922266,8.0,477.16,65.58,-0.25,8.0,600.1324060016486,296.4952719284684,0.7738334086865889
303,450.0756257379595,368.86823020860385,1.6681335595524835,8.0,484.91,63.56,-0.26,8.0,600.1319049973972,307.2890317979764,0.7467034054099068
304,449.29815692712197,376.8303619739149,1.680669643866631,8.0,492.65,61.54,-0.26,8.0,600.1129520009272,318.2568061353248,0.7182647228208076
305,448.42093786562145,384.7821219500548,1.692690682780703,8.0,500.39,59.52,-0.26,8.0,600.083989000268,329.38766126644634,0.6887547951388405
306,447.4481960708413,392.7227625665723,1.7041818411976806,8.0,508.13,57.49,-0.26,8.0,600.0925890002691,340.6806223225981,0.658394879009053
307,446.38427334791504,400.651701237015,1.715131871671585,8.0,515.86,55.46,-0.26,8.0,600.1647209996008,352.1138838454682,0.6273905316943661
308,445.23359402316737,408.56851480634947,1.7255328491612492,8.0,523.6,53.43,-0.26,8.0,600.1595699999598,363.6820840852426,0.5959321129683247
309,444.0006358232038,416.4729321838127,1.7353799148866518,8.0,531.34,51.39,-0.26,8.0,600.2044720007689,375.3847518303553,0.5641953066534983
310,442.6899033399071,424.364825515405,1.7446710295646977,8.0,539.07,49.35,-0.26,8.0,600.1823789993068,387.2018109314037,0.53234165802408
311,441.30590399954946,432.24420022574145,1.753406736239933,8.0,546.81,47.31,-0.26,8.0,600.1788540015696,399.13087174046495,0.5005191235552476
312,439.85312643632955,440.1111842318142,1.761589932868631,8.0,554.54,45.27,-0.26,8.0,600.2177320006012,411.16011447292743,0.4688626297500816
313,438.3360211567499,447.9660166024426,1.7692256547618008,8.0,562.28,43.23,-0.26,8.0,600.1038209979015,423.2887348214085,0.43749463801426924
314,436.758983371118,455.8090359077031,1.7763208669437578,8.0,570.01,41.19,-0.26,8.0,600.3663329975097,435.50519901565326,0.4065257127759421
315,435.1263378617515,463.64066847318685,1.782884266437776,8.0,577.75,39.14,-0.26,8.0,600.1542810008687,447.8195245139584,0.376055090265542
316,433.4423257538177,471.46141672513386,1.7889260944488719,8.0,585.48,37.1,-0.26,8.0,600.1630290011235,460.20136324184614,0.34617124557971385
317,431.7110930537343,479.2718477848233,1.79445795837578,8.0,593.22,35.06,-0.26,8.0,600.1755670004059,472.6619222397596,0.31695245585250525
318,429.93668082128784,487.0725824444143,1.7994926635495574,8.0,600.95,33.01,-0.26,8.0,600.1189050002722,485.199324105682,0.2884673575501221
319,428.1230168446946,494.8642846319987,1.8040440545648018,8.0,608.69,30.97,-0.26,8.0,600.1919459995406,497.7974916771299,0.26077549608726575
320,426.27390869234586,502.6476514511148,1.8081268660411354,8.0,616.42,28.93,-0.26,8.0,600.1465619992814,510.45464963690813,0.23392786614149225
321,424.3930380206036,510.4234038594789,1.8117565826272006,8.0,624.16,26.89,-0.26,8.0,600.2095359981467,523.1743416361429,0.20796744121017285
322,422.4839560234234,518.19227803326,1.8149493080368213,8.0,631.89,24.85,-0.26,8.0,600.2061130020593,535.9454212407885,0.18292969111544183
323,420.5500799165052,525.9550174468363,1.817721642887106,8.0,639.63,22.81,-0.26,8.0,600.171735000913,548.7721931415327,0.158843086318341
324,418.5946903558717,533.7123656835836,1.8200905710909616,8.0,647.36,20.77,-0.26,8.0,600.1969019998796,561.64351452647,0.13572958805043847
325,416.6209296980461,541.4650599807695,1.8220733545415975,8.0,655.1,18.73,-0.26,8.0,600.1348099998722,574.5643653283616,0.11360512340982021
326,414.63180101619236,549.2138255009686,1.8236874358140618,8.0,662.84,16.69,-0.26,8.0,600.1962180016562,587.5278161661552,0.09248004470331093
327,412.63016779355496,556.959370313442,1.8249503485985041,8.0,670.57,14.66,-0.26,8.0,600.1618289992621,600.5177466828477,0.0723595724416617
328,410.6187542222026,564.7023810615283,1.8258796355715514,8.0,678.31,12.63,-0.26,8.0,600.1527900007204,613.5491153909477,0.053244221512096804
329,408.60014604136796,572.4435192861221,1.8264927734058602,8.0,686.05,10.6,-0.26,8.0,600.176502000977,626.6151623009782,0.03513021016568753
330,406.57679185554036,580.1834183706511,1.826807104613362,8.0,693.79,8.57,-0.26,8.0,600.1545250001072,639.7134725750378,0.01800985155910375
331,404.55100487788553,587.9226810694593,1.8268397759149178,8.0,701.53,6.54,-0.26,8.0,600.2750450024905,652.8417460543202,0.0018719276903413243
332,402.52496504952643,595.6618775790397,1.8266076828277846,8.0,709.27,4.52,-0.26,8.0,600.3245239990065,665.9889157444286,0.013297954346890009
333,400.5007214897296,603.4015441100099,1.8261274201625302,8.0,717.01,2.49,-0.26,8.0,600.1609220002138,679.1706760658681,0.027517023776785474
334,398.48019523611435,611.1421819169643,1.825415238122515,8.0,724.75,0.47,-0.26,8.0,600.1862499979325,692.3673152798953,0.0408050251378828
335,396.4651822376662,618.884256743268,1.8244870037017975,8.0,732.49,-1.54,-0.25,8.0,600.1823459992011,705.5770237951673,0.053183914705886105
336,394.45735656661446,626.6281986383667,1.8233581670811247,8.0,740.23,-3.56,-0.25,8.0,600.1866209990112,718.8156138050847,0.06467757412435925
337,392.4582738181637,634.3744021061855,1.8220437327265149,8.0,747.97,-5.57,-0.25,8.0,600.1067620018148,732.0638122731051,0.07531154096614792
338,390.46937466968194,642.1232265445869,1.8205582349005773,8.0,755.72,-7.59,-0.25,8.0,600.1392449979903,745.3424018873247,0.0851127559020806
339,388.4919885732787,649.8749969375843,1.8189157173032449,8.0,763.46,-9.6,-0.25,8.0,600.1579509975272,758.6226210568313,0.094109326103119
340,386.52733755779025,657.6300047639725,1.8171297165657059,8.0,771.2,-11.6,-0.25,8.0,600.1689280019491,771.9079326621569,0.10233030446823604
341,384.57654011805573,665.3885090882044,1.8152132493290836,8.0,778.95,-13.61,-0.25,8.0,600.2186670011724,785.2193331823026,0.10980548423355804
342,382.64061517105074,673.1507378016322,1.8131788026476467,8.0,786.69,-15.61,-0.25,8.0,600.1463489992602,798.5281831705761,0.116565208490726
343,380.72048605996815,680.9168889846039,1.8110383274650221,8.0,794.44,-17.61,-0.25,8.0,600.1422589979484,811.8519882646623,0.12264019411688443
344,378.81698458872637,688.6871323623226,1.8088032349208483,8.0,802.19,-19.61,-0.25,8.0,600.2050179995422,825.1845477777224,0.1280613696023201
345,376.9308550706653,696.461610829789,1.806484395254623,8.0,809.93,-21.6,-0.25,8.0,600.1571229971887,838.5110234558675,0.13285972624223183
346,375.0627583763762,704.2404420235345,1.8040921390829574,8.0,817.68,-23.6,-0.25,8.0,683.9607860019896,851.8578118603594,0.13706618215056307
347,373.2132759667222,712.023719920178,1.8016362608360588,8.0,825.43,-25.59,-0.25,8.0,600.2487910009222,865.2016905380343,0.14071145854527936
348,371.38291389815345,719.8115164440957,1.7991260241489897,8.0,833.18,-27.58,-0.25,8.0,600.2365409985941,878.5502988359638,0.1438259677479595
349,369.572106788416,727.6038830686408,1.796570169012952,8.0,840.93,-29.57,-0.25,8.0,600.1549770007841,891.902770874778,0.14643971234179057
350,367.78122173170533,735.4008523974024,1.7939769205015832,8.0,848.68,-31.55,-0.25,8.0,600.4166800012172,905.249824597078,0.14858219493002053
351,366.01056215322916,743.2024397139138,1.7913539988968967,8.0,856.43,-33.53,-0.25,8.0,600.3199359984137,918.5992096240185,0.15028233794221593
352,364.2603715940287,751.0086444900189,1.7887086310490545,8.0,864.18,-35.51,-0.25,8.0,600.3390539990505,931.950220234955,0.15156841294096352
353,362.53083741775947,758.8194518447754,1.7860475628135628,8.0,871.93,-37.49,-0.25,8.0,600.1406909999787,945.3022003236924,0.15246797889000097
354,360.82209443196257,766.6348339473018,1.7833770724187854,8.0,879.68,-39.47,-0.25,8.0,600.1343409989204,958.6545412627311,0.15300782885097025
355,359.13422841715794,774.454751358379,1.7807029846256803,8.0,887.43,-41.44,-0.25,8.0,600.1969360004296,971.9982857837051,0.15321394459237317
356,357.46727955787026,782.2791543068805,1.7780306855505597,8.0,895.19,-43.42,-0.25,8.0,600.1266810017114,985.3551732765108,0.1531114586011281
357,355.82124577044857,790.1079838982477,1.7753651380302706,8.0,902.94,-45.39,-0.25,8.0,600.301396996656,998.697057334071,0.15272462300412326
358,354.1960859232688,797.9411732532368,1.7727108974175607,8.0,910.69,-47.35,-0.25,8.0,600.4339709979831,1012.0289738857648,0.1520767849204957
359,352.5917229456066,805.7786485760628,1.7700721277025036,8.0,918.45,-49.32,-0.25,8.0,600.1910720005981,1025.3727558832327,0.15119036777971442
360,351.0080468221389,813.6203301518448,1.7674526178636754,8.0,926.2,-51.29,-0.25,8.0,600.2842109992343,1038.7086512607546,0.15008685815784997
361,349.44491747067656,821.4661332739347,1.7648557983602977,8.0,933.96,-53.25,-0.25,8.0,600.1003609999316,1052.039065583577,0.1487867977007975
362,347.90216750133874,829.3159691022886,1.7622847576838403,8.0,941.71,-55.21,-0.25,8.0,600.2424489997793,1065.3609397538007,0.14730977971747006
363,346.379604855963,837.1697454545224,1.7597422588944713,8.0,949.47,-57.17,-0.25,8.0,600.2165449972381,1078.6851278360384,0.14567445004796284
364,344.8770153270897,845.0273675316981,1.7572307560744385,8.0,957.23,-59.13,-0.25,8.0,600.201459001255,1092.0058255795486,0.143898511823088
365,343.3941649563749,852.8887385812079,1.7547524106367547,8.0,964.98,-61.09,-0.25,8.0,600.2062279985694,1105.3171874649272,0.14199873375478286
366,341.93080231276616,860.7537604993777,1.7523091074336392,8.0,972.74,-63.04,-0.25,8.0,600.1596019996214,1118.621989692851,0.13999096160931215
367,340.4866606512212,868.6223343766054,1.7499024706148685,8.0,980.5,-65.0,-0.25,8.0,600.2191299994593,1131.9309774854635,0.1378901325363539
368,339.061459953161,876.4943609879838,1.7475338791916446,8.0,988.26,-66.95,-0.25,8.0,600.0749849990825,1145.2274912343714,0.13571029194161305
369,337.65490885022814,884.3697412324443,1.745204482266729,8.0,996.02,-68.9,-0.25,8.0,600.2613500022562,1158.5196557650709,0.13346461260841777
370,336.2667064332639,892.2483765235042,1.7429152138964312,8.0,1003.78,-70.85,-0.25,8.0,600.0739759983844,1171.8073561599283,0.13116541579085306
371,334.8965439487277,900.1301691347044,1.7406668075546072,8.0,1011.53,-72.79,-0.25,8.0,600.0860940002894,1185.0765753135918,0.12882419401696357
372,333.5441063850632,908.0150225028012,1.7384598101731203,8.0,1019.29,-74.74,-0.25,8.0,600.0732409993361,1198.355066273861,0.12645163535562265
373,332.20907395175897,915.902841491725,1.7362945957372151,8.0,1027.05,-76.69,-0.25,8.0,600.1509410016297,1211.6288464262452,0.12405764891816881
374,330.89112345407,923.793532620241,1.7341713784180204,8.0,1034.81,-78.63,-0.25,8.0,600.3065240001888,1224.8896780969817,0.12165139137893936
375,329.5899295665512,931.6870042561616,1.7320902252278696,8.0,1042.58,-80.57,-0.25,8.0,600.2486329998646,1238.1514782942968,0.11924129431582733
376,328.3051660087139,939.5831667798469,1.7300510681874002,8.0,1050.34,-82.51,-0.24,8.0,600.4429339991475,1251.4027101915992,0.11683509218328533
377,327.03650662624693,947.4819327196175,1.7280537159963743,8.0,1058.1,-84.45,-0.24,8.0,600.3586080005334,1264.6490995965166,0.11443985074699328
378,325.7836263813503,955.3832168615749,1.7260978652029326,8.0,1065.86,-86.39,-0.24,8.0,600.3071999984968,1277.8906346627027,0.11206199582151857
379,324.54620225581266,963.286936336198,1.7241831108685837,8.0,1073.62,-88.33,-0.24,8.0,600.3353029991558,1291.1273117923076,0.1097073421625765
380,323.3239140705227,971.1930106839449,1.7223089567285115,8.0,1081.38,-90.26,-0.24,8.0,600.3370680009539,1304.350996973104,0.10738112238310676
381,322.1164452251439,979.1013619019574,1.7204748248489743,8.0,1089.15,-92.2,-0.24,8.0,600.2305010006239,1317.5838046073352,0.10508801576787764
382,320.9234833617021,987.0119144738309,1.7186800647854596,8.0,1096.91,-94.13,-0.24,8.0,600.2932810006314,1330.7978483738918,0.10283217687802068
383,319.7447209558367,994.9245953842757,1.716923962247055,8.0,1104.67,-96.07,-0.24,8.0,600.2018109975324,1344.0152160002717,0.10061726384280256
384,318.5798558394517,1002.8393341203698,1.7152057472740392,8.0,1112.43,-98.0,-0.24,8.0,600.3716649975104,1357.2196914760348,0.09844646624998535
385,317.4285916584726,1010.7560626609726,1.713524601937138,8.0,1120.2,-99.93,-0.24,8.0,600.3112079997663,1370.425285756204,0.09632253255253904
386,316.2906382693735,1018.6747154557501,1.7118796675681,8.0,1127.96,-101.86,-0.24,8.0,600.0946679996559,1383.6203241184705,0.0942477969218866
387,315.16571207808084,1026.5952293951445,1.7102700515324,8.0,1135.73,-103.79,-0.24,8.0,600.3670339996461,1396.8165654256538,0.09222420548218764
388,314.0535363247958,1034.5175437725095,1.7086948335557972,8.0,1143.49,-105.71,-0.24,8.0,600.3362449991982,1409.9942194390437,0.09025334187248181
389,312.95384131820043,1042.4416002395262,1.70715307161732,8.0,1151.25,-107.64,-0.24,8.0,600.2402849990176,1423.1753710875446,0.08833645208865291
390,311.8663646224279,1050.3673427559188,1.705643807421958,8.0,1159.02,-109.57,-0.24,8.0,600.2561090026575,1436.3578666380806,0.08647446856445158
391,310.79085120008534,1058.2947175343913,1.7041660714669096,8.0,1166.78,-111.49,-0.24,8.0,600.275843997224,1449.52188953469,0.0846680334590078
392,309.7270535145195,1066.223672981623,1.7027188877157364,8.0,1174.55,-113.42,-0.24,8.0,600.2196469999035,1462.695431035936,0.08291752112213174
393,308.67473159441266,1074.1541596360762,1.7013012778951282,8.0,1182.31,-115.34,-0.24,8.0,600.250078998215,1475.850581193922,0.08122305971714958
394,307.63365306368604,1082.086130103297,1.6999122654292904,8.0,1190.08,-117.26,-0.24,8.0,385.9526390006067,1489.0072850778802,0.07958455198356423
395,306.60359313957946,1090.019538989315,1.6985508790271338,8.0,1197.85,-119.18,-0.24,8.0,600.3559820019291,1502.159672882208,0.07800169513007649
396,305.5843346016593,1097.9543428326924,1.6972161559375891,8.0,1205.61,-121.1,-0.24,8.0,600.1595099987753,1515.3018475389558,0.07647399984956925
397,304.5756677343925,1105.8905000357017,1.6959071448884009,8.0,1213.38,-123.02,-0.24,8.0,600.3187790010998,1528.4457240748638,0.07500080845447771
398,303.57739024580593,1113.8279707950671,1.6946229087237201,8.0,1221.15,-124.94,-0.24,8.0,600.1458419996197,1541.585411074862,0.07358131213427549
399,302.58930716463334,1121.7667170326476,1.6933625267557524,8.0,1228.91,-126.86,-0.24,8.0,600.2418309981294,1554.714991393188,0.07221456733894434
400,301.6112307182336,1129.7067023263996,1.6921250968455581,8.0,1236.68,-128.78,-0.24,8.0,600.2163749981264,1567.8464156984553,0.0708995112973839
